"FullName","Algorithm","Hash"
"C:\web-dev\github-repos\Tillerstead.com\_includes\about-section.html","SHA256","D3E38347119023CDF9892B1E488CA491576A8D91F251019BEFEFE6AAD00EF845"
"C:\web-dev\github-repos\Tillerstead.com\_includes\blog-highlights.html","SHA256","A21D7D98334EC630E9EA65FEC3AB81BB8621596B37EFC83E71302D5501D3F5EE"
"C:\web-dev\github-repos\Tillerstead.com\_includes\breadcrumbs.html","SHA256","7F08F71FA282425608710ADBED6BC8884280383E803A173CF0CD8B4EA32C8240"
"C:\web-dev\github-repos\Tillerstead.com\_includes\build-phase-cta.html","SHA256","8EAACFEA354540AFE75A238DC2B4D7A54E5C6FDA60510BD4BD748B62FF4CCED6"
"C:\web-dev\github-repos\Tillerstead.com\_includes\build-phase-schema.html","SHA256","53AEEDDEFC80CDCAF1A70C372C12ABF35958CBA77F37E4105070840E831DE827"
"C:\web-dev\github-repos\Tillerstead.com\_includes\build-prev-next.html","SHA256","97FF1A8D47DA9C93F68140963AEFB9F6A3F1CBBC93EDC7F905AC30F50038D943"
"C:\web-dev\github-repos\Tillerstead.com\_includes\build-sidebar.html","SHA256","8F1A057C3F22E0B04E0B445ED218F70A8B12FDAE838A9888812A9F5CB2ECED48"
"C:\web-dev\github-repos\Tillerstead.com\_includes\build-sidenav.html","SHA256","4DE70BA12317A0D7F1E3041339DD7D60FF37D5E0215469690410DEE21C66B371"
"C:\web-dev\github-repos\Tillerstead.com\_includes\contact-long.html","SHA256","C0DE6BA3A7049847F554AF932150E4B64AF66C2556CBA0787AA6FC9F1429C8D7"
"C:\web-dev\github-repos\Tillerstead.com\_includes\contact-options.html","SHA256","2BC427971D2C7D23468F76EA21963A1380F521F314E35E21C943B6D1553A72CB"
"C:\web-dev\github-repos\Tillerstead.com\_includes\contact-page.html","SHA256","97821F27E436BBB21D5F5855F0D0110F028DF3A16F99CC58DFBCB67488AC27B3"
"C:\web-dev\github-repos\Tillerstead.com\_includes\contact.html","SHA256","D5D61E0CBAD8F52264F6EE1AA787857F40A73809C28D34B88418A33FD234455D"
"C:\web-dev\github-repos\Tillerstead.com\_includes\cta-estimate.html","SHA256","80D4A70C9CDEE7F1571337F5A006AF3FF83A886A16C27D9784B8D4DB922114B2"
"C:\web-dev\github-repos\Tillerstead.com\_includes\cta.html","SHA256","64B29FDDD3EAABE7FAEE762C6FF59C456FEEEA906DECBF7C0664161F367FCCC6"
"C:\web-dev\github-repos\Tillerstead.com\_includes\faq-section.html","SHA256","DD8ED6B2248DB68B3B908580BDB38DD9C496B5A3ACDA491B1E26CB93317F86C2"
"C:\web-dev\github-repos\Tillerstead.com\_includes\footer.html","SHA256","A338E3AED9E82954B65266EC366E8066855DB29D0FE1CC13DA88444F8B4DA230"
"C:\web-dev\github-repos\Tillerstead.com\_includes\head.html","SHA256","53BE5A5E01B1F60C3B0959CE0BFF85430F7DA2946F5CF52DBB2E91CC074713CA"
"C:\web-dev\github-repos\Tillerstead.com\_includes\header.html","SHA256","8CE6659BAEFF735C6D3C3669FFF1E40C7237AD154A1DBCA5FF43D0847144E022"
"C:\web-dev\github-repos\Tillerstead.com\_includes\hero.html","SHA256","68950642A5E3F9A21656D3F9FEFB37AF2BD04E01132C748A6E3B1742DE1B554E"
"C:\web-dev\github-repos\Tillerstead.com\_includes\home-cta-final.html","SHA256","C2C5D3581B38A51868804EBD34AE6222F147CDFEE33B4B5D642C5A9056E44F3F"
"C:\web-dev\github-repos\Tillerstead.com\_includes\home-faq.html","SHA256","34C4C49587A1D77701677007FB0B82F4E839E2493DAB5420C36D1A039BFF4690"
"C:\web-dev\github-repos\Tillerstead.com\_includes\home-portfolio-preview.html","SHA256","4EA72572A6D139210563E41239773BA9233B80F00324FC9AB2F53B14E33809F9"
"C:\web-dev\github-repos\Tillerstead.com\_includes\home-services-preview.html","SHA256","3672656100160762AC9BECD218D929923DCE2C8F6AB48CA01A1BE1E16F01D46C"
"C:\web-dev\github-repos\Tillerstead.com\_includes\home-simple.html","SHA256","E9DE89B949914CBE7CEC4072DB1E3AF9018D99E0C70E29206088A99ED28B4A82"
"C:\web-dev\github-repos\Tillerstead.com\_includes\home-trust-stats.html","SHA256","9A41885EFC2DDA55EA7794059F2A5DC3D5C85D349F5B389242FF47E870BAA04C"
"C:\web-dev\github-repos\Tillerstead.com\_includes\logo-header.html","SHA256","505285B16B11E1613CCA49658FCE13062277E25EA9C296F9139A64388628C73F"
"C:\web-dev\github-repos\Tillerstead.com\_includes\logo-sprite-inline.html","SHA256","165FA9C8AA916EC812C8BDCE0070A5947801D8FAF75F9EB198A1617F9F764045"
"C:\web-dev\github-repos\Tillerstead.com\_includes\nav-drawer.html","SHA256","0F767528AB70C1EA603C53E5B33AE0FFD3530FF896F00EA164D499609ECEF222"
"C:\web-dev\github-repos\Tillerstead.com\_includes\page-hero.html","SHA256","F32318147AF3948EDB2746789007C6B95891E482249C8AE8F28904E87F791E8B"
"C:\web-dev\github-repos\Tillerstead.com\_includes\pattern-showcase.html","SHA256","69EA52734FC7CBEB43C9A0FF02BF917117A19400C898206320194DD93054FB37"
"C:\web-dev\github-repos\Tillerstead.com\_includes\portfolio-highlights.html","SHA256","F9A49AE9043D68A26FBC8D7658616A814DC44B8F7813225D601BE22C2F2D4A20"
"C:\web-dev\github-repos\Tillerstead.com\_includes\portfolio.html","SHA256","302000DED73CFA0656CB61091C438F3FCD676307115C6E91B74AA77DB045B030"
"C:\web-dev\github-repos\Tillerstead.com\_includes\process.html","SHA256","D2389476BD31A2C7ABC5C24864BEE4EEE61BBD0EFA5149B6F24D96B056CF4166"
"C:\web-dev\github-repos\Tillerstead.com\_includes\responsive-image.html","SHA256","CB3949D3DDB69B383D5C6DDE78CADE15F85D0F9CFA3BB8157BD2A11D3544AA97"
"C:\web-dev\github-repos\Tillerstead.com\_includes\reviews-highlights.html","SHA256","3A9CAB1D84BEBF320491254C5C60EEDA504E43354162C19D1581BA383A0707E6"
"C:\web-dev\github-repos\Tillerstead.com\_includes\schema-build-phase.html","SHA256","CCD32F70AB9BDD7E7658432D5FA5E46BF069458EDC6D76B1F90606D9A927881F"
"C:\web-dev\github-repos\Tillerstead.com\_includes\schema-faq.html","SHA256","210B3366A73557046B9563613878C3FE4C8B44F8A67E4E5FACE77AFAE46AD05D"
"C:\web-dev\github-repos\Tillerstead.com\_includes\schema-howto.html","SHA256","BD59F8C47381DDAE91509B7430D855CA09E01325E5B29CA7C65E77F08D85E024"
"C:\web-dev\github-repos\Tillerstead.com\_includes\schema-local-business.html","SHA256","F63B7C0F2E30DB1B006EDC8473B5367C3D3AC550EBCA419AF5F0BBB50B47BD3A"
"C:\web-dev\github-repos\Tillerstead.com\_includes\schema-techarticle.html","SHA256","22F730FC3E6DED6D7A2F78EA4CA21F4157F7B71C1E802E092092738B0C12059E"
"C:\web-dev\github-repos\Tillerstead.com\_includes\scripts.html","SHA256","1195A5E62867220C6C7AE851BCD1F9783807D86DFADB5F987E0283D534A79166"
"C:\web-dev\github-repos\Tillerstead.com\_includes\services.html","SHA256","5DCB32D9979AF264AB47E260B3D3D74A07EE43777B4D8CDAB481AA34329A3444"
"C:\web-dev\github-repos\Tillerstead.com\_includes\social-links.html","SHA256","9749E24FDCE07BFF5235EC487C3722178670271A90106D670FEEF12023804067"
"C:\web-dev\github-repos\Tillerstead.com\_includes\testimonials.html","SHA256","F011CE644536F379C323651FA421444A00057925EB2016E9831AF2E6A5DB1AE6"
"C:\web-dev\github-repos\Tillerstead.com\_includes\toc.html","SHA256","D5403F2C1BB3BBF1322787207D917621A8FD240407AE021B26C08DA93C783E83"
"C:\web-dev\github-repos\Tillerstead.com\_includes\trust-bar.html","SHA256","58A5E25BCD5830D797EF3C9E9C5E3255C23B90694A13DB27C7AE1AD5132FB280"
"C:\web-dev\github-repos\Tillerstead.com\_includes\ts-breadcrumbs.html","SHA256","F851D69AF24F350B9B3AC353E30D156645557AFDFCA9921B7E79D6ABBE380038"
"C:\web-dev\github-repos\Tillerstead.com\_includes\ts-icon-sprite.html","SHA256","1C3D193C0559AF342F4B486585DE008C8D1004F1EDD714CC56B7E5622BCFAA41"
"C:\web-dev\github-repos\Tillerstead.com\_includes\ts-icon.html","SHA256","46E3D972D24E0B574261B6099BFD38F2A57ADB83832B113AC52C58BFC17BDB77"
"C:\web-dev\github-repos\Tillerstead.com\_includes\ts-peace-of-mind.html","SHA256","5698C40C16D1CD5F0B6C2610B62C05B4AE8E2CEA43BA215A9C1D6254D3088FB0"
"C:\web-dev\github-repos\Tillerstead.com\_includes\ts-plans.html","SHA256","5401EBA9F871DC3BEC969D2A78F768168BA8A206F3A6B50F6E124DE2902CC244"
"C:\web-dev\github-repos\Tillerstead.com\_includes\ts-portfolio.html","SHA256","5D8CDA76A4273CB716DD46CA2642D031FF6FD971DBF7B0983DF0069B1D7D0948"
"C:\web-dev\github-repos\Tillerstead.com\_includes\ts-process.html","SHA256","569B430794E28AF483F26B2B36459A69D1D9F3186577AE2C4AD9A2834D7F4B26"
"C:\web-dev\github-repos\Tillerstead.com\_includes\ts-service-card.html","SHA256","76B34D1C4FE76EE358B18B9B7504B813D20DB70560F9C3C18F0E3A9062A2473A"
"C:\web-dev\github-repos\Tillerstead.com\_includes\ts-services.html","SHA256","DDF7AE317698F21752968D39F2C2B9121DD3B19C0C81B64217D0301DE3F87322"
"C:\web-dev\github-repos\Tillerstead.com\_includes\components\about-section.html","SHA256","58999A99C45731415EFE8AE43F6FE1053D40C6C7CC3D1EA41EABBAB96EA99374"
"C:\web-dev\github-repos\Tillerstead.com\_includes\components\atlantic-county-section.html","SHA256","F3741ED06D9D08F8CDC6CC832E6F783479EDB9A244F48F148554D781D3AAFA44"
"C:\web-dev\github-repos\Tillerstead.com\_includes\components\blog-section.html","SHA256","7D06FBDE6A73CB44AAD71DB6DC1B619A4AFAFD4B061040DA1EDD47647FD7C607"
"C:\web-dev\github-repos\Tillerstead.com\_includes\components\cape-may-county-section.html","SHA256","DC7ECF10F7FEA8A9280BA8978C54F0FB0C4E2A153FC8040387D7565D4ADBE25C"
"C:\web-dev\github-repos\Tillerstead.com\_includes\components\design-showcase-section.html","SHA256","989F035641384187798BAECAE94B5D89AFDC09CEC6F9D2FA2B3C8180F49DF0DF"
"C:\web-dev\github-repos\Tillerstead.com\_includes\components\financing-section.html","SHA256","CB91B9B206070B45B3B3813C961040641B8C187412B8B03A1C1D2E87248260A6"
"C:\web-dev\github-repos\Tillerstead.com\_includes\components\for-contractors-section.html","SHA256","AC7DAB1074CF1CF5C9DC899F680721673E984FEB7EAB70966979DD8CF288B6F1"
"C:\web-dev\github-repos\Tillerstead.com\_includes\components\nj-tile-guide-section.html","SHA256","94316AA023A67573062754C0751EC3036BA4343D2E3A2A15E5FA3AAD53CC4DDA"
"C:\web-dev\github-repos\Tillerstead.com\_includes\components\ocean-county-section.html","SHA256","AFF03C525DC490B6EF95199A9DF5FEBE4306A23F89E52FA2ED332CE24F44EFEE"
"C:\web-dev\github-repos\Tillerstead.com\_includes\components\plans-section.html","SHA256","FE9BEB288189D3810CBE6C57B811DD9B4A400CB245886EBF984359E9336A6EED"
"C:\web-dev\github-repos\Tillerstead.com\_includes\components\portfolio-section.html","SHA256","CD2928AB097A09717B3E654BBDEDC6E189F1F04FB50A28DD797DBD9F5318198D"
"C:\web-dev\github-repos\Tillerstead.com\_includes\components\pricing-section.html","SHA256","8EAC40D727106BC7CD490DCD895A8D687020BABEB3B4AC5F0781F12EEBB43A4B"
"C:\web-dev\github-repos\Tillerstead.com\_includes\components\process-section.html","SHA256","1F5A841E5D13B93AE7F981278909AF95B51F811ED2CF2058B5E504617A8906C6"
"C:\web-dev\github-repos\Tillerstead.com\_includes\components\recommended-products-section.html","SHA256","B6DFCEA91E6E1733C762713741B476DC0070FA67C453B9EC6EA896F14C438325"
"C:\web-dev\github-repos\Tillerstead.com\_includes\components\reviews-section.html","SHA256","119CA41A7E9B32B08C7181C8D36A27D53C21E9535BE458FFB50333608630C6CB"
"C:\web-dev\github-repos\Tillerstead.com\_includes\components\services-section.html","SHA256","2BB2C5F69D6B6746ADF85D0EEFF429901CB31B8384566DFEF222BC504F338DFF"
"C:\web-dev\github-repos\Tillerstead.com\_includes\components\success-section.html","SHA256","9EED8395D8BC6CF4C4B6F447D10DB2D7A99947326B504C3AF1032FF29E9BAC4C"
"C:\web-dev\github-repos\Tillerstead.com\_includes\components\ts-icon.html","SHA256","33976F53EEBE321313658292B53FF7C30BF1EE46649CA9ABBC5167CD6904A3EF"
"C:\web-dev\github-repos\Tillerstead.com\_includes\components\ts-peace-of-mind.html","SHA256","3E7AB23DBF15FAD5FCE92869F24050A604FC669940F8B32F1788F7AA08CE5BC4"
"C:\web-dev\github-repos\Tillerstead.com\_includes\components\ts-plans.html","SHA256","8E017977B89573D25DEFD36AFA42CF3F404ADA1F4623D45D934AEA0CF7F90328"
"C:\web-dev\github-repos\Tillerstead.com\_includes\components\ts-portfolio.html","SHA256","FCB1C3139171A96418B0443F2150CD5E0F70346D9B961C2E4D990ED3C93689F7"
"C:\web-dev\github-repos\Tillerstead.com\_includes\components\ts-service-card.html","SHA256","5D16886D8CA6B3F6DD6C463DCAFC8AD3FE2B433E8402BAFC8D16AD1F7EE67C37"
"C:\web-dev\github-repos\Tillerstead.com\_includes\components\ts-services.html","SHA256","CAC6B984260C7F333BA4E79AE3AAAA2619E046DFB93E8080650CB04C266CF5DA"
"C:\web-dev\github-repos\Tillerstead.com\_includes\content\ts-plans.html","SHA256","D847D0EA835A59CB3A615AE7F51D21AD8346A4D956D2AC59793328151C2DD046"
"C:\web-dev\github-repos\Tillerstead.com\_includes\content\ts-portfolio.html","SHA256","84E5657CA406D5F5E9E0674734CB98D2716066F9D2F3DF45F4D158A3784CB1D6"
"C:\web-dev\github-repos\Tillerstead.com\_includes\content\ts-services.html","SHA256","B9C2A29935BB2A1BFE5A82015FC455D82D42B618F0193782D6BBAA861B0EDF1B"
"C:\web-dev\github-repos\Tillerstead.com\_includes\features\contact-options.html","SHA256","85526BC121D73D7BE06A8BE58CBE3BC1A50520C5EB3DB43E0D961CBF810F3901"
"C:\web-dev\github-repos\Tillerstead.com\_includes\forms\contact-long.html","SHA256","2A8D4C6165D89D80A2391D5EB932348FCF440890F0F5ADED955FD02591CBA6EA"
"C:\web-dev\github-repos\Tillerstead.com\_includes\forms\contact.html","SHA256","2A8D4C6165D89D80A2391D5EB932348FCF440890F0F5ADED955FD02591CBA6EA"
"C:\web-dev\github-repos\Tillerstead.com\_includes\hero\unified-hero-home.html","SHA256","4F0604C3118C230832EA9981C58BA7B8B0628B7AD915358643AC4184F591505F"
"C:\web-dev\github-repos\Tillerstead.com\_includes\hero\unified-hero.html","SHA256","64BDF46538359FFD45303E90D04810ABEF1FE2736CFCE6AF4ACEB9DA8E794F88"
"C:\web-dev\github-repos\Tillerstead.com\_includes\navigation\main-nav.html","SHA256","41092CB0950EF42C065607743A473CE3795462710D2B53BC4BE8A9F1597AD22B"
"C:\web-dev\github-repos\Tillerstead.com\_includes\sections\home-simple.html","SHA256","F5AC383E0EBEF8E7E5E3C9D2D258D23A9D6416E1F4E6076F8BAA0982136AB5DA"
