"IncludeRel","IncludeName","FolderRel","Length","LastWriteTime","SHA256"
"_includes/about-section.html","about-section.html","_includes","5844","1/14/2026 23:35:18","D3E38347119023CDF9892B1E488CA491576A8D91F251019BEFEFE6AAD00EF845"
"_includes/blog-highlights.html","blog-highlights.html","_includes","2879","1/14/2026 23:35:18","A21D7D98334EC630E9EA65FEC3AB81BB8621596B37EFC83E71302D5501D3F5EE"
"_includes/breadcrumbs.html","breadcrumbs.html","_includes","979","1/14/2026 23:35:18","7F08F71FA282425608710ADBED6BC8884280383E803A173CF0CD8B4EA32C8240"
"_includes/build-phase-cta.html","build-phase-cta.html","_includes","3617","1/14/2026 23:35:18","8EAACFEA354540AFE75A238DC2B4D7A54E5C6FDA60510BD4BD748B62FF4CCED6"
"_includes/build-phase-schema.html","build-phase-schema.html","_includes","598","1/14/2026 23:35:18","53AEEDDEFC80CDCAF1A70C372C12ABF35958CBA77F37E4105070840E831DE827"
"_includes/build-prev-next.html","build-prev-next.html","_includes","1457","1/14/2026 23:35:18","97FF1A8D47DA9C93F68140963AEFB9F6A3F1CBBC93EDC7F905AC30F50038D943"
"_includes/build-sidebar.html","build-sidebar.html","_includes","423","1/14/2026 23:35:18","8F1A057C3F22E0B04E0B445ED218F70A8B12FDAE838A9888812A9F5CB2ECED48"
"_includes/build-sidenav.html","build-sidenav.html","_includes","736","1/14/2026 23:35:18","4DE70BA12317A0D7F1E3041339DD7D60FF37D5E0215469690410DEE21C66B371"
"_includes/components/about-section.html","about-section.html","_includes/components","33","1/14/2026 23:35:18","58999A99C45731415EFE8AE43F6FE1053D40C6C7CC3D1EA41EABBAB96EA99374"
"_includes/components/atlantic-county-section.html","atlantic-county-section.html","_includes/components","117","1/14/2026 23:35:18","F3741ED06D9D08F8CDC6CC832E6F783479EDB9A244F48F148554D781D3AAFA44"
"_includes/components/blog-section.html","blog-section.html","_includes/components","95","1/14/2026 23:35:18","7D06FBDE6A73CB44AAD71DB6DC1B619A4AFAFD4B061040DA1EDD47647FD7C607"
"_includes/components/cape-may-county-section.html","cape-may-county-section.html","_includes/components","117","1/14/2026 23:35:18","DC7ECF10F7FEA8A9280BA8978C54F0FB0C4E2A153FC8040387D7565D4ADBE25C"
"_includes/components/design-showcase-section.html","design-showcase-section.html","_includes/components","117","1/14/2026 23:35:18","989F035641384187798BAECAE94B5D89AFDC09CEC6F9D2FA2B3C8180F49DF0DF"
"_includes/components/financing-section.html","financing-section.html","_includes/components","105","1/14/2026 23:35:18","CB91B9B206070B45B3B3813C961040641B8C187412B8B03A1C1D2E87248260A6"
"_includes/components/for-contractors-section.html","for-contractors-section.html","_includes/components","117","1/14/2026 23:35:18","AC7DAB1074CF1CF5C9DC899F680721673E984FEB7EAB70966979DD8CF288B6F1"
"_includes/components/nj-tile-guide-section.html","nj-tile-guide-section.html","_includes/components","113","1/14/2026 23:35:18","94316AA023A67573062754C0751EC3036BA4343D2E3A2A15E5FA3AAD53CC4DDA"
"_includes/components/ocean-county-section.html","ocean-county-section.html","_includes/components","111","1/14/2026 23:35:18","AFF03C525DC490B6EF95199A9DF5FEBE4306A23F89E52FA2ED332CE24F44EFEE"
"_includes/components/plans-section.html","plans-section.html","_includes/components","97","1/14/2026 23:35:18","FE9BEB288189D3810CBE6C57B811DD9B4A400CB245886EBF984359E9336A6EED"
"_includes/components/portfolio-section.html","portfolio-section.html","_includes/components","105","1/14/2026 23:35:18","CD2928AB097A09717B3E654BBDEDC6E189F1F04FB50A28DD797DBD9F5318198D"
"_includes/components/pricing-section.html","pricing-section.html","_includes/components","101","1/14/2026 23:35:18","8EAC40D727106BC7CD490DCD895A8D687020BABEB3B4AC5F0781F12EEBB43A4B"
"_includes/components/process-section.html","process-section.html","_includes/components","101","1/14/2026 23:35:18","1F5A841E5D13B93AE7F981278909AF95B51F811ED2CF2058B5E504617A8906C6"
"_includes/components/recommended-products-section.html","recommended-products-section.html","_includes/components","127","1/14/2026 23:35:18","B6DFCEA91E6E1733C762713741B476DC0070FA67C453B9EC6EA896F14C438325"
"_includes/components/reviews-section.html","reviews-section.html","_includes/components","101","1/14/2026 23:35:18","119CA41A7E9B32B08C7181C8D36A27D53C21E9535BE458FFB50333608630C6CB"
"_includes/components/services-section.html","services-section.html","_includes/components","103","1/14/2026 23:35:18","2BB2C5F69D6B6746ADF85D0EEFF429901CB31B8384566DFEF222BC504F338DFF"
"_includes/components/success-section.html","success-section.html","_includes/components","101","1/14/2026 23:35:18","9EED8395D8BC6CF4C4B6F447D10DB2D7A99947326B504C3AF1032FF29E9BAC4C"
"_includes/components/ts-icon.html","ts-icon.html","_includes/components","365","1/14/2026 23:35:18","33976F53EEBE321313658292B53FF7C30BF1EE46649CA9ABBC5167CD6904A3EF"
"_includes/components/ts-peace-of-mind.html","ts-peace-of-mind.html","_includes/components","604","1/14/2026 23:35:18","3E7AB23DBF15FAD5FCE92869F24050A604FC669940F8B32F1788F7AA08CE5BC4"
"_includes/components/ts-plans.html","ts-plans.html","_includes/components","2127","1/14/2026 23:35:18","8E017977B89573D25DEFD36AFA42CF3F404ADA1F4623D45D934AEA0CF7F90328"
"_includes/components/ts-portfolio.html","ts-portfolio.html","_includes/components","2719","1/14/2026 23:35:18","FCB1C3139171A96418B0443F2150CD5E0F70346D9B961C2E4D990ED3C93689F7"
"_includes/components/ts-service-card.html","ts-service-card.html","_includes/components","1996","1/14/2026 23:35:18","5D16886D8CA6B3F6DD6C463DCAFC8AD3FE2B433E8402BAFC8D16AD1F7EE67C37"
"_includes/components/ts-services.html","ts-services.html","_includes/components","3693","1/14/2026 23:35:18","CAC6B984260C7F333BA4E79AE3AAAA2619E046DFB93E8080650CB04C266CF5DA"
"_includes/contact-long.html","contact-long.html","_includes","234","1/14/2026 23:35:18","C0DE6BA3A7049847F554AF932150E4B64AF66C2556CBA0787AA6FC9F1429C8D7"
"_includes/contact-options.html","contact-options.html","_includes","1140","1/14/2026 23:35:18","2BC427971D2C7D23468F76EA21963A1380F521F314E35E21C943B6D1553A72CB"
"_includes/contact-page.html","contact-page.html","_includes","720","1/14/2026 23:35:18","97821F27E436BBB21D5F5855F0D0110F028DF3A16F99CC58DFBCB67488AC27B3"
"_includes/contact.html","contact.html","_includes","1310","1/14/2026 23:35:18","D5D61E0CBAD8F52264F6EE1AA787857F40A73809C28D34B88418A33FD234455D"
"_includes/content/ts-plans.html","ts-plans.html","_includes/content","229","1/14/2026 23:35:18","D847D0EA835A59CB3A615AE7F51D21AD8346A4D956D2AC59793328151C2DD046"
"_includes/content/ts-portfolio.html","ts-portfolio.html","_includes/content","245","1/14/2026 23:35:18","84E5657CA406D5F5E9E0674734CB98D2716066F9D2F3DF45F4D158A3784CB1D6"
"_includes/content/ts-services.html","ts-services.html","_includes/content","266","1/14/2026 23:35:18","66E80BBF872E168DFC9C6C4E418D9BC3CA071E4938A8E2BBD5FD75EB82EDDE7B"
"_includes/cta-estimate.html","cta-estimate.html","_includes","1295","1/14/2026 23:35:18","80D4A70C9CDEE7F1571337F5A006AF3FF83A886A16C27D9784B8D4DB922114B2"
"_includes/cta.html","cta.html","_includes","29","1/14/2026 23:35:18","64B29FDDD3EAABE7FAEE762C6FF59C456FEEEA906DECBF7C0664161F367FCCC6"
"_includes/faq-section.html","faq-section.html","_includes","1836","1/14/2026 23:35:18","DD8ED6B2248DB68B3B908580BDB38DD9C496B5A3ACDA491B1E26CB93317F86C2"
"_includes/features/contact-options.html","contact-options.html","_includes/features","260","1/14/2026 23:35:18","85526BC121D73D7BE06A8BE58CBE3BC1A50520C5EB3DB43E0D961CBF810F3901"
"_includes/footer.html","footer.html","_includes","3245","1/14/2026 23:35:18","A338E3AED9E82954B65266EC366E8066855DB29D0FE1CC13DA88444F8B4DA230"
"_includes/forms/contact-long.html","contact-long.html","_includes/forms","541","1/14/2026 23:35:18","2A8D4C6165D89D80A2391D5EB932348FCF440890F0F5ADED955FD02591CBA6EA"
"_includes/forms/contact.html","contact.html","_includes/forms","541","1/14/2026 23:35:18","2A8D4C6165D89D80A2391D5EB932348FCF440890F0F5ADED955FD02591CBA6EA"
"_includes/head.html","head.html","_includes","1271","1/14/2026 23:35:18","53BE5A5E01B1F60C3B0959CE0BFF85430F7DA2946F5CF52DBB2E91CC074713CA"
"_includes/header.html","header.html","_includes","1244","1/14/2026 23:35:18","8CE6659BAEFF735C6D3C3669FFF1E40C7237AD154A1DBCA5FF43D0847144E022"
"_includes/hero.html","hero.html","_includes","24","1/14/2026 23:35:18","68950642A5E3F9A21656D3F9FEFB37AF2BD04E01132C748A6E3B1742DE1B554E"
"_includes/hero/unified-hero-home.html","unified-hero-home.html","_includes/hero","4791","1/14/2026 23:35:18","4F0604C3118C230832EA9981C58BA7B8B0628B7AD915358643AC4184F591505F"
"_includes/hero/unified-hero.html","unified-hero.html","_includes/hero","3517","1/14/2026 23:35:18","64BDF46538359FFD45303E90D04810ABEF1FE2736CFCE6AF4ACEB9DA8E794F88"
"_includes/home-cta-final.html","home-cta-final.html","_includes","1244","1/14/2026 23:35:18","C2C5D3581B38A51868804EBD34AE6222F147CDFEE33B4B5D642C5A9056E44F3F"
"_includes/home-faq.html","home-faq.html","_includes","2406","1/14/2026 23:35:18","34C4C49587A1D77701677007FB0B82F4E839E2493DAB5420C36D1A039BFF4690"
"_includes/home-portfolio-preview.html","home-portfolio-preview.html","_includes","1048","1/14/2026 23:35:18","4EA72572A6D139210563E41239773BA9233B80F00324FC9AB2F53B14E33809F9"
"_includes/home-services-preview.html","home-services-preview.html","_includes","3235","1/14/2026 23:35:18","3672656100160762AC9BECD218D929923DCE2C8F6AB48CA01A1BE1E16F01D46C"
"_includes/home-simple.html","home-simple.html","_includes","6469","1/14/2026 23:35:18","E9DE89B949914CBE7CEC4072DB1E3AF9018D99E0C70E29206088A99ED28B4A82"
"_includes/home-trust-stats.html","home-trust-stats.html","_includes","1536","1/14/2026 23:35:18","9A41885EFC2DDA55EA7794059F2A5DC3D5C85D349F5B389242FF47E870BAA04C"
"_includes/logo-header.html","logo-header.html","_includes","1048","1/14/2026 23:35:18","505285B16B11E1613CCA49658FCE13062277E25EA9C296F9139A64388628C73F"
"_includes/logo-sprite-inline.html","logo-sprite-inline.html","_includes","5111","1/14/2026 23:35:18","165FA9C8AA916EC812C8BDCE0070A5947801D8FAF75F9EB198A1617F9F764045"
"_includes/nav-drawer.html","nav-drawer.html","_includes","4356","1/14/2026 23:35:18","0F767528AB70C1EA603C53E5B33AE0FFD3530FF896F00EA164D499609ECEF222"
"_includes/navigation/main-nav.html","main-nav.html","_includes/navigation","1742","1/14/2026 23:35:18","41092CB0950EF42C065607743A473CE3795462710D2B53BC4BE8A9F1597AD22B"
"_includes/page-hero.html","page-hero.html","_includes","369","1/14/2026 23:35:18","F32318147AF3948EDB2746789007C6B95891E482249C8AE8F28904E87F791E8B"
"_includes/pattern-showcase.html","pattern-showcase.html","_includes","5433","1/14/2026 23:35:18","69EA52734FC7CBEB43C9A0FF02BF917117A19400C898206320194DD93054FB37"
"_includes/portfolio-highlights.html","portfolio-highlights.html","_includes","3245","1/14/2026 23:35:18","F9A49AE9043D68A26FBC8D7658616A814DC44B8F7813225D601BE22C2F2D4A20"
"_includes/portfolio.html","portfolio.html","_includes","35","1/14/2026 23:35:18","302000DED73CFA0656CB61091C438F3FCD676307115C6E91B74AA77DB045B030"
"_includes/process.html","process.html","_includes","3675","1/14/2026 23:35:18","D2389476BD31A2C7ABC5C24864BEE4EEE61BBD0EFA5149B6F24D96B056CF4166"
"_includes/responsive-image.html","responsive-image.html","_includes","1501","1/14/2026 23:35:18","CB3949D3DDB69B383D5C6DDE78CADE15F85D0F9CFA3BB8157BD2A11D3544AA97"
"_includes/reviews-highlights.html","reviews-highlights.html","_includes","3680","1/14/2026 23:35:18","3A9CAB1D84BEBF320491254C5C60EEDA504E43354162C19D1581BA383A0707E6"
"_includes/schema-build-phase.html","schema-build-phase.html","_includes","987","1/14/2026 23:35:18","CCD32F70AB9BDD7E7658432D5FA5E46BF069458EDC6D76B1F90606D9A927881F"
"_includes/schema-faq.html","schema-faq.html","_includes","3899","1/14/2026 23:35:18","210B3366A73557046B9563613878C3FE4C8B44F8A67E4E5FACE77AFAE46AD05D"
"_includes/schema-howto.html","schema-howto.html","_includes","246","1/14/2026 23:35:18","BD59F8C47381DDAE91509B7430D855CA09E01325E5B29CA7C65E77F08D85E024"
"_includes/schema-local-business.html","schema-local-business.html","_includes","4992","1/14/2026 23:35:18","F63B7C0F2E30DB1B006EDC8473B5367C3D3AC550EBCA419AF5F0BBB50B47BD3A"
"_includes/schema-techarticle.html","schema-techarticle.html","_includes","256","1/14/2026 23:35:18","22F730FC3E6DED6D7A2F78EA4CA21F4157F7B71C1E802E092092738B0C12059E"
"_includes/scripts.html","scripts.html","_includes","2378","1/14/2026 23:35:18","1195A5E62867220C6C7AE851BCD1F9783807D86DFADB5F987E0283D534A79166"
"_includes/sections/home-simple.html","home-simple.html","_includes/sections","3033","1/14/2026 23:35:18","F5AC383E0EBEF8E7E5E3C9D2D258D23A9D6416E1F4E6076F8BAA0982136AB5DA"
"_includes/services.html","services.html","_includes","34","1/14/2026 23:35:18","5DCB32D9979AF264AB47E260B3D3D74A07EE43777B4D8CDAB481AA34329A3444"
"_includes/social-links.html","social-links.html","_includes","3895","1/14/2026 23:35:18","9749E24FDCE07BFF5235EC487C3722178670271A90106D670FEEF12023804067"
"_includes/testimonials.html","testimonials.html","_includes","38","1/14/2026 23:35:18","F011CE644536F379C323651FA421444A00057925EB2016E9831AF2E6A5DB1AE6"
"_includes/toc.html","toc.html","_includes","213","1/14/2026 23:35:18","D5403F2C1BB3BBF1322787207D917621A8FD240407AE021B26C08DA93C783E83"
"_includes/trust-bar.html","trust-bar.html","_includes","848","1/14/2026 23:35:18","58A5E25BCD5830D797EF3C9E9C5E3255C23B90694A13DB27C7AE1AD5132FB280"
"_includes/ts-breadcrumbs.html","ts-breadcrumbs.html","_includes","6949","1/14/2026 23:35:18","F851D69AF24F350B9B3AC353E30D156645557AFDFCA9921B7E79D6ABBE380038"
"_includes/ts-icon-sprite.html","ts-icon-sprite.html","_includes","9372","1/14/2026 23:35:18","1C3D193C0559AF342F4B486585DE008C8D1004F1EDD714CC56B7E5622BCFAA41"
"_includes/ts-icon.html","ts-icon.html","_includes","45","1/14/2026 23:35:18","46E3D972D24E0B574261B6099BFD38F2A57ADB83832B113AC52C58BFC17BDB77"
"_includes/ts-peace-of-mind.html","ts-peace-of-mind.html","_includes","54","1/14/2026 23:35:18","5698C40C16D1CD5F0B6C2610B62C05B4AE8E2CEA43BA215A9C1D6254D3088FB0"
"_includes/ts-plans.html","ts-plans.html","_includes","5001","1/14/2026 23:35:18","5401EBA9F871DC3BEC969D2A78F768168BA8A206F3A6B50F6E124DE2902CC244"
"_includes/ts-portfolio.html","ts-portfolio.html","_includes","4196","1/14/2026 23:35:18","5D8CDA76A4273CB716DD46CA2642D031FF6FD971DBF7B0983DF0069B1D7D0948"
"_includes/ts-process.html","ts-process.html","_includes","3315","1/14/2026 23:35:18","569B430794E28AF483F26B2B36459A69D1D9F3186577AE2C4AD9A2834D7F4B26"
"_includes/ts-service-card.html","ts-service-card.html","_includes","2622","1/14/2026 23:35:18","76B34D1C4FE76EE358B18B9B7504B813D20DB70560F9C3C18F0E3A9062A2473A"
"_includes/ts-services.html","ts-services.html","_includes","7757","1/14/2026 23:35:18","DDF7AE317698F21752968D39F2C2B9121DD3B19C0C81B64217D0301DE3F87322"
