"CallerRel","IncludeRef","IncludeTag"
"_includes/about-section.html","components/ts-peace-of-mind.html","include"
"_includes/about-section.html","components/ts-peace-of-mind.html","include"
"_includes/blog-highlights.html","content/blog-highlights.html","include"
"_includes/blog-highlights.html","content/blog-highlights.html","include"
"_includes/build-phase-cta.html","features/build-phase-cta.html","include"
"_includes/build-phase-cta.html","features/build-phase-cta.html","include"
"_includes/components/ts-icon.html","ts-icon.html","include"
"_includes/components/ts-icon.html","ts-icon.html","include"
"_includes/components/ts-peace-of-mind.html","ts-peace-of-mind.html","include"
"_includes/components/ts-peace-of-mind.html","ts-peace-of-mind.html","include"
"_includes/components/ts-plans.html","components/ts-icon.html","include"
"_includes/components/ts-plans.html","components/ts-icon.html","include"
"_includes/components/ts-services.html","components/ts-icon.html","include"
"_includes/components/ts-services.html","components/ts-icon.html","include"
"_includes/contact-long.html","forms/contact.html","include"
"_includes/contact-long.html","forms/contact.html","include"
"_includes/faq-section.html","features/faq-section.html","include"
"_includes/faq-section.html","features/faq-section.html","include"
"_includes/head.html","logo-sprite-inline.html","include"
"_includes/head.html","logo-sprite-inline.html","include"
"_includes/header.html","navigation/main-nav.html","include"
"_includes/header.html","navigation/main-nav.html","include"
"_includes/hero/unified-hero-home.html","hero/unified-hero-home.html","include"
"_includes/hero/unified-hero-home.html","hero/unified-hero-home.html","include"
"_includes/hero/unified-hero.html","logo-header.html","include"
"_includes/hero/unified-hero.html","logo-header.html","include"
"_includes/home-cta-final.html","sections/home-cta-final.html","include"
"_includes/home-cta-final.html","sections/home-cta-final.html","include"
"_includes/home-faq.html","sections/home-faq.html","include"
"_includes/home-faq.html","sections/home-faq.html","include"
"_includes/home-portfolio-preview.html","sections/home-portfolio-preview.html","include"
"_includes/home-portfolio-preview.html","sections/home-portfolio-preview.html","include"
"_includes/home-services-preview.html","sections/home-services-preview.html","include"
"_includes/home-services-preview.html","sections/home-services-preview.html","include"
"_includes/home-simple.html","ts-icon.html","include"
"_includes/home-simple.html","ts-icon.html","include"
"_includes/home-simple.html","ts-icon.html","include"
"_includes/home-simple.html","ts-icon.html","include"
"_includes/home-simple.html","ts-icon.html","include"
"_includes/home-simple.html","ts-icon.html","include"
"_includes/home-simple.html","ts-icon.html","include"
"_includes/home-simple.html","ts-icon.html","include"
"_includes/home-trust-stats.html","sections/home-trust-stats.html","include"
"_includes/home-trust-stats.html","sections/home-trust-stats.html","include"
"_includes/page-hero.html","hero/unified-hero-home.html","include"
"_includes/page-hero.html","hero/unified-hero-home.html","include"
"_includes/page-hero.html","hero/unified-hero.html","include"
"_includes/page-hero.html","hero/unified-hero.html","include"
"_includes/portfolio-highlights.html","content/portfolio-highlights.html","include"
"_includes/portfolio-highlights.html","content/portfolio-highlights.html","include"
"_includes/responsive-image.html","responsive-image.html","include"
"_includes/responsive-image.html","responsive-image.html","include"
"_includes/reviews-highlights.html","content/reviews-highlights.html","include"
"_includes/reviews-highlights.html","content/reviews-highlights.html","include"
"_includes/ts-plans.html","ts-icon.html","include"
"_includes/ts-plans.html","ts-icon.html","include"
"_includes/ts-plans.html","ts-icon.html","include"
"_includes/ts-plans.html","ts-icon.html","include"
"_includes/ts-plans.html","ts-icon.html","include"
"_includes/ts-plans.html","ts-icon.html","include"
"_includes/ts-services.html","content/ts-service-card.html","include"
"_includes/ts-services.html","content/ts-service-card.html","include"
"_layouts/build-page.html","build-prev-next.html","include"
"_layouts/build-page.html","build-prev-next.html","include"
"_layouts/build-page.html","build-sidenav.html","include"
"_layouts/build-page.html","build-sidenav.html","include"
"_layouts/build-page.html","footer.html","include"
"_layouts/build-page.html","footer.html","include"
"_layouts/build-page.html","head.html","include"
"_layouts/build-page.html","head.html","include"
"_layouts/build-page.html","header.html","include"
"_layouts/build-page.html","header.html","include"
"_layouts/build-page.html","toc.html","include"
"_layouts/build-page.html","toc.html","include"
"_layouts/default.html","contact-page.html","include"
"_layouts/default.html","contact-page.html","include"
"_layouts/default.html","footer.html","include"
"_layouts/default.html","footer.html","include"
"_layouts/default.html","head.html","include"
"_layouts/default.html","head.html","include"
"_layouts/default.html","header.html","include"
"_layouts/default.html","header.html","include"
"_layouts/default.html","schema-howto.html","include"
"_layouts/default.html","schema-howto.html","include"
"_layouts/default.html","schema-techarticle.html","include"
"_layouts/default.html","schema-techarticle.html","include"
"_layouts/home.html","footer.html","include"
"_layouts/home.html","footer.html","include"
"_layouts/home.html","head.html","include"
"_layouts/home.html","head.html","include"
"_layouts/home.html","header.html","include"
"_layouts/home.html","header.html","include"
"_layouts/post.html","breadcrumbs.html","include"
"_layouts/post.html","breadcrumbs.html","include"
"_layouts/post.html","footer.html","include"
"_layouts/post.html","footer.html","include"
"_layouts/post.html","head.html","include"
"_layouts/post.html","head.html","include"
"_layouts/post.html","header.html","include"
"_layouts/post.html","header.html","include"
"_site/backup-pages/pages/about.html","ts-peace-of-mind.html","include"
"_site/backup-pages/pages/design-showcase.html","components/pattern-showcase.html","include"
"_site/backup-pages/pages/faq.html","components/ts-peace-of-mind.html","include"
"_site/backup-pages/pages/process.html","components/ts-peace-of-mind.html","include"
"_site/backup-pages/pages/process.html","content/ts-process.html","include"
"_site/faq.html","components/ts-peace-of-mind.html","include"
"about.html","components/about-section.html","include"
"atlantic-county-nj.html","components/atlantic-county-section.html","include"
"backup-pages/pages/about.html","ts-peace-of-mind.html","include"
"backup-pages/pages/contact.html","components/ts-peace-of-mind.html","include"
"backup-pages/pages/contact.html","forms/contact-long.html","include"
"backup-pages/pages/design-showcase.html","components/pattern-showcase.html","include"
"backup-pages/pages/faq.html","components/ts-peace-of-mind.html","include"
"backup-pages/pages/plans.html","components/ts-peace-of-mind.html","include"
"backup-pages/pages/plans.html","components/ts-plans.html","include"
"backup-pages/pages/portfolio.html","components/ts-peace-of-mind.html","include"
"backup-pages/pages/portfolio.html","components/ts-portfolio.html","include"
"backup-pages/pages/pricing.html","components/ts-peace-of-mind.html","include"
"backup-pages/pages/pricing.html","features/contact-options.html","include"
"backup-pages/pages/pricing.html","trust-bar.html","include"
"backup-pages/pages/process.html","components/ts-peace-of-mind.html","include"
"backup-pages/pages/process.html","content/ts-process.html","include"
"backup-pages/pages/recommended-products.html","components/ts-peace-of-mind.html","include"
"backup-pages/pages/services.html","components/ts-peace-of-mind.html","include"
"backup-pages/pages/services.html","components/ts-services.html","include"
"blog.html","components/blog-section.html","include"
"cape-may-county-nj.html","components/cape-may-county-section.html","include"
"contact.html","contact-page.html","include"
"design-showcase.html","components/design-showcase-section.html","include"
"dist/_includes/blog-highlights.html","content/blog-highlights.html","include"
"dist/_includes/build-phase-cta.html","features/build-phase-cta.html","include"
"dist/_includes/contact-long.html","forms/contact.html","include"
"dist/_includes/faq-section.html","features/faq-section.html","include"
"dist/_includes/footer.html","logo-header.html","include"
"dist/_includes/header.html","logo-header.html","include"
"dist/_includes/home-cta-final.html","sections/home-cta-final.html","include"
"dist/_includes/home-faq.html","sections/home-faq.html","include"
"dist/_includes/home-portfolio-preview.html","sections/home-portfolio-preview.html","include"
"dist/_includes/home-services-preview.html","sections/home-services-preview.html","include"
"dist/_includes/home-simple.html","ts-icon.html","include"
"dist/_includes/home-simple.html","ts-icon.html","include"
"dist/_includes/home-simple.html","ts-icon.html","include"
"dist/_includes/home-simple.html","ts-icon.html","include"
"dist/_includes/home-trust-stats.html","sections/home-trust-stats.html","include"
"dist/_includes/page-hero.html","hero/unified-hero-home.html","include"
"dist/_includes/page-hero.html","hero/unified-hero.html","include"
"dist/_includes/portfolio-highlights.html","content/portfolio-highlights.html","include"
"dist/_includes/responsive-image.html","responsive-image.html","include"
"dist/_includes/reviews-highlights.html","content/reviews-highlights.html","include"
"dist/_includes/ts-icon.html","ts-icon.html","include"
"dist/_includes/ts-peace-of-mind.html","ts-peace-of-mind.html","include"
"dist/_includes/ts-plans.html","ts-icon.html","include"
"dist/_includes/ts-plans.html","ts-icon.html","include"
"dist/_includes/ts-plans.html","ts-icon.html","include"
"dist/_includes/ts-services.html","content/ts-service-card.html","include"
"dist/_includes/unified-hero-home.html","hero/unified-hero-home.html","include"
"dist/_layouts/build-page.html","build-prev-next.html","include"
"dist/_layouts/build-page.html","build-sidenav.html","include"
"dist/_layouts/build-page.html","footer.html","include"
"dist/_layouts/build-page.html","head.html","include"
"dist/_layouts/build-page.html","header.html","include"
"dist/_layouts/build-page.html","toc.html","include"
"dist/_layouts/default.html","contact-page.html","include"
"dist/_layouts/default.html","footer.html","include"
"dist/_layouts/default.html","head.html","include"
"dist/_layouts/default.html","header.html","include"
"dist/_layouts/default.html","home-portfolio-preview.html","include"
"dist/_layouts/default.html","schema-howto.html","include"
"dist/_layouts/default.html","schema-techarticle.html","include"
"dist/_layouts/default.html","trust-bar.html","include"
"dist/_layouts/post.html","breadcrumbs.html","include"
"dist/assets/img/logo/README.md","logo-header.html","include"
"dist/index.md","sections/home-simple.html","include"
"dist/pages/about.html","ts-peace-of-mind.html","include"
"dist/pages/contact.html","forms/contact-long.html","include"
"dist/pages/contact.html","ts-peace-of-mind.html","include"
"dist/pages/design-showcase.html","pattern-showcase.html","include"
"dist/pages/faq.html","ts-peace-of-mind.html","include"
"dist/pages/plans.html","content/ts-plans.html","include"
"dist/pages/plans.html","ts-peace-of-mind.html","include"
"dist/pages/portfolio.html","content/ts-portfolio.html","include"
"dist/pages/portfolio.html","ts-peace-of-mind.html","include"
"dist/pages/pricing.html","features/contact-options.html","include"
"dist/pages/pricing.html","trust-bar.html","include"
"dist/pages/pricing.html","ts-peace-of-mind.html","include"
"dist/pages/process.html","content/ts-process.html","include"
"dist/pages/process.html","ts-peace-of-mind.html","include"
"dist/pages/recommended-products.html","ts-peace-of-mind.html","include"
"dist/pages/services.html","content/ts-services.html","include"
"dist/pages/services.html","ts-peace-of-mind.html","include"
"faq.html","components/ts-peace-of-mind.html","include"
"financing.html","components/financing-section.html","include"
"for-general-contractors.html","components/for-contractors-section.html","include"
"index.md","cta-estimate.html","include"
"index.md","home-faq.html","include"
"index.md","home-portfolio-preview.html","include"
"index.md","home-trust-stats.html","include"
"index.md","reviews-highlights.html","include"
"index.md","sections/home-simple.html","include"
"nj-tile-guide.html","components/nj-tile-guide-section.html","include"
"ocean-county-nj.html","components/ocean-county-section.html","include"
"plans.html","components/plans-section.html","include"
"portfolio.html","components/portfolio-section.html","include"
"pricing.html","components/pricing-section.html","include"
"process.html","components/process-section.html","include"
"recommended-products.html","components/recommended-products-section.html","include"
"reviews.html","components/reviews-section.html","include"
"services.html","components/services-section.html","include"
"success.html","components/success-section.html","include"
