"IncludeRel","IncludeName","FolderRel","Length","LastWriteTime"
"_includes/about-section.html","about-section.html","_includes","5844","1/14/2026 23:35:18"
"_includes/blog-highlights.html","blog-highlights.html","_includes","2879","1/14/2026 23:35:18"
"_includes/build-phase-cta.html","build-phase-cta.html","_includes","3617","1/14/2026 23:35:18"
"_includes/build-phase-schema.html","build-phase-schema.html","_includes","598","1/14/2026 23:35:18"
"_includes/build-sidebar.html","build-sidebar.html","_includes","423","1/14/2026 23:35:18"
"_includes/components/ts-service-card.html","ts-service-card.html","_includes/components","1996","1/14/2026 23:35:18"
"_includes/contact-long.html","contact-long.html","_includes","234","1/14/2026 23:35:18"
"_includes/contact-options.html","contact-options.html","_includes","1140","1/14/2026 23:35:18"
"_includes/contact.html","contact.html","_includes","1310","1/14/2026 23:35:18"
"_includes/cta.html","cta.html","_includes","29","1/14/2026 23:35:18"
"_includes/faq-section.html","faq-section.html","_includes","1836","1/14/2026 23:35:18"
"_includes/hero.html","hero.html","_includes","24","1/14/2026 23:35:18"
"_includes/home-cta-final.html","home-cta-final.html","_includes","1244","1/14/2026 23:35:18"
"_includes/home-services-preview.html","home-services-preview.html","_includes","3235","1/14/2026 23:35:18"
"_includes/home-simple.html","home-simple.html","_includes","6469","1/14/2026 23:35:18"
"_includes/nav-drawer.html","nav-drawer.html","_includes","4356","1/14/2026 23:35:18"
"_includes/page-hero.html","page-hero.html","_includes","369","1/14/2026 23:35:18"
"_includes/portfolio-highlights.html","portfolio-highlights.html","_includes","3245","1/14/2026 23:35:18"
"_includes/portfolio.html","portfolio.html","_includes","35","1/14/2026 23:35:18"
"_includes/process.html","process.html","_includes","3675","1/14/2026 23:35:18"
"_includes/schema-build-phase.html","schema-build-phase.html","_includes","987","1/14/2026 23:35:18"
"_includes/schema-faq.html","schema-faq.html","_includes","3899","1/14/2026 23:35:18"
"_includes/schema-local-business.html","schema-local-business.html","_includes","4992","1/14/2026 23:35:18"
"_includes/scripts.html","scripts.html","_includes","2378","1/14/2026 23:35:18"
"_includes/services.html","services.html","_includes","34","1/14/2026 23:35:18"
"_includes/social-links.html","social-links.html","_includes","3895","1/14/2026 23:35:18"
"_includes/testimonials.html","testimonials.html","_includes","38","1/14/2026 23:35:18"
"_includes/ts-breadcrumbs.html","ts-breadcrumbs.html","_includes","6949","1/14/2026 23:35:18"
"_includes/ts-icon-sprite.html","ts-icon-sprite.html","_includes","9372","1/14/2026 23:35:18"
"_includes/ts-plans.html","ts-plans.html","_includes","5001","1/14/2026 23:35:18"
"_includes/ts-portfolio.html","ts-portfolio.html","_includes","4196","1/14/2026 23:35:18"
"_includes/ts-process.html","ts-process.html","_includes","3315","1/14/2026 23:35:18"
"_includes/ts-service-card.html","ts-service-card.html","_includes","2622","1/14/2026 23:35:18"
"_includes/ts-services.html","ts-services.html","_includes","7757","1/14/2026 23:35:18"
